BTJD,RV,e_RV,Instrument
1578.35923,-15.3,1.2,HARPS-N
1579.35283,-18.9,2.3,HARPS-N
1732.71766,6.2,2.5,HARPS-N
1732.74144,-2.9,3.3,HARPS-N
1752.68369,0.4,1.0,HARPS-N
1752.70581,0.1,0.9,HARPS-N
1753.70744,-15.3,1.2,HARPS-N
1754.71549,-11.9,1.1,HARPS-N
2204.5162,-11.5,1.6,HARPS-N
2204.65656,-6.9,1.1,HARPS-N
2205.54599,-1.9,1.1,HARPS-N
2205.63053,19.4,1.7,HARPS
2205.6393,-4.4,1.0,HARPS-N
2206.47971,1.7,1.2,HARPS-N
2206.65731,2.2,1.2,HARPS-N
2207.57568,21.5,1.9,HARPS
2207.66046,22.7,1.3,HARPS
2214.71815,-2.1,1.4,HARPS
2215.64475,0.3,1.2,HARPS
2217.6864,2.5,1.3,HARPS
2218.68225,5.2,1.6,HARPS
2219.65704,1.7,1.1,HARPS
2221.60896,0.9,2.1,HARPS
2222.61015,-2.2,1.2,HARPS
2223.56895,6.3,1.6,HARPS
2224.66129,7.6,1.5,HARPS
2226.65544,17.7,1.8,HARPS
2227.66789,7.6,1.6,HARPS
2228.6401,-3.7,1.8,HARPS
2230.63045,-3.0,1.5,HARPS
2231.63611,-1.6,1.8,HARPS
2232.63467,5.4,1.4,HARPS
2233.6777,-1.0,1.2,HARPS
2242.62501,3.5,1.1,HARPS
2243.56834,8.4,1.6,HARPS
2244.54494,13.6,1.4,HARPS
2244.62785,10.5,1.3,HARPS
2245.60955,10.1,2.2,HARPS
2246.63208,17.6,1.1,HARPS
2247.59527,6.7,1.4,HARPS
2248.61373,5.9,2.1,HARPS
2249.62657,6.1,1.4,HARPS
2250.57953,3.2,2.0,HARPS
2251.59236,16.9,1.8,HARPS
2256.62889,11.6,1.5,HARPS
2257.58116,10.8,1.2,HARPS
2261.63836,10.8,2.0,HARPS
2262.59334,8.6,1.9,HARPS
2264.60899,8.5,1.5,HARPS
2265.56638,10.5,1.4,HARPS
2266.55658,6.1,1.6,HARPS
2267.55362,-2.3,1.7,HARPS
2269.5702,3.6,2.1,HARPS
2272.57672,-3.4,1.7,HARPS
2273.59284,-6.2,2.3,HARPS
2274.58962,-2.9,1.8,HARPS
2275.56486,-1.9,1.9,HARPS
2276.59246,4.5,2.0,HARPS
2277.57256,10.1,1.8,HARPS
2284.57306,1.2,1.6,HARPS
2287.53172,4.0,1.6,HARPS
2288.53857,5.9,1.9,HARPS
2290.53613,4.4,2.1,HARPS
2291.52201,-0.8,1.7,HARPS
2294.53123,1.6,2.8,HARPS
2295.53344,8.4,1.6,HARPS
2296.51173,11.5,1.4,HARPS
2297.52848,9.7,1.5,HARPS
2490.84461,-2.5,2.1,HARPS
2491.81716,-5.3,2.4,HARPS
2497.84874,22.3,1.8,HARPS
2501.8442,8.1,2.1,HARPS
2502.76982,-3.3,1.8,HARPS
2503.79777,4.9,2.1,HARPS
2504.7662,-2.8,1.5,HARPS
2505.77836,1.1,1.3,HARPS
2506.76111,12.4,1.5,HARPS
2515.84526,16.9,1.2,HARPS
2520.79982,4.9,1.8,HARPS
2521.83149,-10.6,2.3,HARPS
2528.73056,3.8,1.5,HARPS
2529.73908,-4.7,1.3,HARPS
2530.74356,-12.8,1.7,HARPS
2531.71638,-4.3,1.4,HARPS
2543.61494,-6.2,2.4,HARPS
2545.68951,5.5,1.8,HARPS
2546.72099,11.5,2.1,HARPS
2547.69656,4.8,1.3,HARPS
2548.80186,7.5,1.2,HARPS
2550.71766,1.2,2.2,HARPS
2560.66602,2.4,1.5,HARPS
2561.67646,-1.2,2.0,HARPS
2563.68304,-0.4,1.7,HARPS
2564.66694,0.1,1.5,HARPS
2577.74753,3.5,1.2,HARPS
2579.75033,-3.3,1.6,HARPS
2581.7299,1.7,1.5,HARPS
2583.70601,-1.3,1.6,HARPS
2584.59477,0.0,1.0,HARPS
2584.72285,-4.8,1.4,HARPS
2585.586,1.1,1.8,HARPS
2585.72824,-0.2,1.4,HARPS
2586.72537,-6.6,1.4,HARPS
2587.72124,-4.4,1.9,HARPS
2588.56786,-2.4,1.2,HARPS
2588.71681,-3.5,1.3,HARPS
2589.7187,-2.4,2.0,HARPS
2590.59269,4.5,1.8,HARPS
2591.58055,-0.1,1.2,HARPS
2591.73732,4.2,2.1,HARPS
2592.59389,9.7,1.4,HARPS
2592.72732,10.2,1.7,HARPS
2606.67799,6.7,2.1,HARPS
2609.64815,4.1,1.1,HARPS
2610.65838,7.7,1.5,HARPS
2626.55046,-5.1,1.4,HARPS
2627.55019,-2.2,1.7,HARPS
2628.54583,-6.3,1.4,HARPS
2629.56926,-4.3,1.5,HARPS
